contig_name,length,prop_gc,gc_skew,at_skew,cpg_count,cpg_ratio,orf_length,linguistic_complexity_6,has_crb,reference_coverage,hits
TRINITY_DN0_c0_g1_i1,1241,0.411765,0.033268,-0.032877,100,1.903141,117,0.243896,false,NA,NA
TRINITY_DN0_c0_g1_i2,1173,0.404945,0.044211,-0.054441,93,1.937775,85,0.231201,true,0.989474,N02985
TRINITY_DN0_c0_g2_i1,1246,0.396469,-0.020243,-0.00266,96,1.961433,92,0.246338,true,0.724537,N01540
TRINITY_DN0_c1_g1_i1,281,0.537367,-0.192053,0.046154,34,1.740255,93,0.064697,true,0.934028,N01558
TRINITY_DN0_c1_g2_i1,279,0.530466,-0.175676,-0.007634,39,2.050311,92,0.064453,true,1.0,N03003
