contig_name,length,prop_gc,gc_skew,at_skew,cpg_count,cpg_ratio,orf_length,linguistic_complexity_6,has_crb,reference_coverage,hits
TRINITY_DN0_c0_g1_i1,261,0.551724,0.0,-0.111111,34,1.711806,86,0.058594,true,1.0,N03216
TRINITY_DN1_c0_g1_i1,261,0.574713,0.04,0.135135,38,1.766026,87,0.059814,true,0.996169,N02693
TRINITY_DN1_c0_g1_i2,206,0.548544,-0.026549,0.11828,25,1.61442,68,0.047119,true,0.985437,N02680
TRINITY_DN1_c0_g1_i3,255,0.545098,-0.021583,0.137931,34,1.795775,85,0.05835,true,0.988235,N02689
TRINITY_DN1_c0_g1_i4,201,0.547264,0.036364,0.076923,23,1.530288,67,0.045166,true,0.99005,N02682
TRINITY_DN1_c0_g1_i6,216,0.550926,0.042017,0.051546,27,1.650255,72,0.049072,true,0.986111,N02686
TRINITY_DN2_c0_g1_i1,258,0.523256,0.066667,0.02439,33,1.876984,86,0.057129,true,1.0,N02698
