contig_name,length,prop_gc,gc_skew,at_skew,cpg_count,cpg_ratio,orf_length,linguistic_complexity_6,has_crb,reference_coverage,hits
TRINITY_DN0_c0_g1_i1,311,0.424437,0.030303,0.094972,28,2.000919,83,0.067871,true,0.934426,N01672
TRINITY_DN0_c0_g2_i1,387,0.459948,0.123596,0.033493,44,2.183077,115,0.089111,true,0.971576,N02348
TRINITY_DN0_c0_g3_i1,320,0.4625,0.013514,0.034884,42,2.454795,81,0.07251,true,0.925,N01673
TRINITY_DN1_c0_g1_i10,354,0.49435,0.188571,0.039106,47,2.25325,89,0.077393,true,0.933908,N01669
TRINITY_DN1_c0_g1_i2,377,0.461538,0.114943,0.004926,49,2.47329,76,0.083984,true,0.923483,N01668
TRINITY_DN1_c0_g1_i3,376,0.460106,0.098266,0.014778,50,2.537112,76,0.082764,false,NA,NA
TRINITY_DN1_c0_g1_i4,495,0.494949,0.142857,-0.016,62,2.087755,116,0.112305,true,0.956186,N01671
TRINITY_DN1_c0_g1_i5,492,0.50813,0.096,0.024793,65,2.065758,115,0.107178,true,0.934263,N01588
TRINITY_DN1_c0_g1_i6,385,0.488312,0.138298,0.005076,52,2.309911,97,0.085205,true,0.944591,N01670
