contig_name,length,prop_gc,gc_skew,at_skew,cpg_count,cpg_ratio,orf_length,linguistic_complexity_6,has_crb,reference_coverage,hits
TRINITY_DN0_c0_g1_i1,261,0.551724,0.0,-0.111111,34,1.711806,86,0.058594,true,1.0,N03216
TRINITY_DN0_c0_g2_i1,258,0.523256,-0.066667,-0.02439,33,1.876984,86,0.057129,true,1.0,N02698
TRINITY_DN0_c0_g2_i11,258,0.550388,0.028169,-0.034483,34,1.741513,86,0.058105,true,0.996124,N02695
TRINITY_DN0_c0_g2_i2,255,0.541176,0.014493,-0.094017,34,1.821429,85,0.057861,true,0.992157,N02690
TRINITY_DN0_c0_g2_i3,206,0.553398,0.035088,-0.086957,26,1.650539,68,0.047119,true,0.995146,N02680
TRINITY_DN0_c0_g2_i4,201,0.552239,-0.027027,-0.044444,24,1.567251,67,0.045166,true,0.99005,N02682
TRINITY_DN0_c0_g2_i5,255,0.556863,0.028169,-0.115044,35,1.771888,85,0.057373,false,NA,NA
TRINITY_DN0_c0_g2_i6,216,0.550926,-0.02521,-0.030928,27,1.648389,72,0.048584,true,0.99537,N02687
TRINITY_DN1_c0_g1_i1,254,0.582677,-0.054054,-0.113208,38,1.767766,84,0.057617,true,0.961686,N02693
