contig_name,length,prop_gc,gc_skew,at_skew,cpg_count,cpg_ratio,orf_length,linguistic_complexity_6,has_crb,reference_coverage,hits
TRINITY_DN0_c0_g1_i1,461,0.518438,0.138075,-0.099099,61,2.007496,115,0.106689,true,0.912371,N01671
TRINITY_DN0_c0_g1_i2,388,0.448454,0.126437,0.065421,44,2.292159,117,0.086182,true,0.943152,N02348
TRINITY_DN0_c0_g1_i3,487,0.507187,0.101215,0.025,66,2.129173,114,0.105957,true,0.924303,N01588
TRINITY_DN0_c0_g1_i4,353,0.495751,0.188571,0.022472,49,2.342497,89,0.077148,true,0.928161,N01669
TRINITY_DN0_c0_g2_i1,318,0.465409,0.013514,0.023529,42,2.439452,81,0.07251,true,0.925,N01673
