contig_name,length,prop_gc,gc_skew,at_skew,cpg_count,cpg_ratio,orf_length,linguistic_complexity_6,has_crb,reference_coverage,hits
TRINITY_DN0_c0_g1_i1,219,0.365297,0.5,0.021583,10,1.825,66,0.032227,false,NA,NA
TRINITY_DN0_c0_g2_i1,408,0.495098,0.158416,0.038835,49,2.010256,64,0.090576,true,0.776291,N00996
TRINITY_DN3_c0_g1_i1,201,0.557214,0.053571,-0.033708,30,1.928366,67,0.047119,true,1.0,N01785
TRINITY_DN1_c0_g1_i1,219,0.506849,0.081081,0.037037,20,1.431373,73,0.050293,true,1.0,N01791
TRINITY_DN2_c0_g1_i1,484,0.433884,0.009524,0.014599,39,1.712264,74,0.105713,true,0.935091,N01865
