contig_name,length,prop_gc,gc_skew,at_skew,cpg_count,cpg_ratio,orf_length,linguistic_complexity_6,has_crb,reference_coverage,hits
TRINITY_DN0_c0_g1_i1,517,0.462282,0.213389,-0.007194,56,2.124138,64,0.107666,true,0.847036,N00996
TRINITY_DN0_c0_g1_i2,562,0.455516,0.234375,0.006536,58,2.105141,64,0.110596,true,0.998088,N00978
TRINITY_DN0_c0_g1_i3,612,0.457516,0.257143,0.048193,60,2.006119,64,0.101807,true,0.931166,N00996
TRINITY_DN3_c0_g1_i1,486,0.434156,-0.004739,0.025455,39,1.702965,74,0.105957,true,0.931034,N01865
TRINITY_DN1_c0_g1_i1,219,0.506849,0.081081,0.037037,20,1.431373,73,0.050293,true,1.0,N01791
TRINITY_DN2_c0_g1_i1,201,0.552239,0.063063,-0.044444,29,1.899935,67,0.047119,true,1.0,N01784
