contig_name,length,prop_gc,gc_skew,at_skew,cpg_count,cpg_ratio,orf_length,linguistic_complexity_6,has_crb,reference_coverage,hits
TRINITY_DN9_c1_g1_i1,219,0.506849,0.081081,0.037037,20,1.431373,73,0.050293,true,1.0,N01791
TRINITY_DN3_c1_g1_i1,319,0.501567,-0.125,0.006289,42,2.126667,64,0.071777,false,NA,NA
TRINITY_DN1_c0_g1_i1,486,0.434156,0.004739,0.025455,39,1.702965,74,0.105957,true,0.93712,N01865
TRINITY_DN2_c0_g1_i1,201,0.552239,0.063063,-0.044444,29,1.899935,67,0.047119,true,1.0,N01784
TRINITY_DN4_c0_g1_i1,471,0.471338,0.189189,-0.02008,55,2.180556,64,0.105713,false,NA,NA
TRINITY_DN4_c0_g1_i2,463,0.479482,0.198198,0.029046,52,2.033961,64,0.095459,true,0.879541,N00996
TRINITY_DN4_c0_g1_i3,561,0.458111,0.237354,0.006579,58,2.088179,64,0.108887,true,0.994264,N00978
