contig_name,length,prop_gc,gc_skew,at_skew,cpg_count,cpg_ratio,orf_length,linguistic_complexity_6,has_crb,reference_coverage,hits
TRINITY_DN19_c0_g1_i1,219,0.506849,0.081081,0.037037,20,1.431373,73,0.050293,true,1.0,N01791
TRINITY_DN0_c1_g1_i1,679,0.456554,0.296774,0.062331,60,1.85951,64,0.095215,true,0.93499,N00996
TRINITY_DN0_c1_g1_i2,589,0.465195,0.262774,0.053968,56,1.887712,64,0.095215,true,0.93499,N00996
TRINITY_DN0_c1_g1_i3,499,0.476954,0.218487,0.042146,53,1.961216,64,0.094238,true,0.933078,N00996
TRINITY_DN1_c0_g1_i1,486,0.434156,0.004739,0.018182,39,1.702965,74,0.106201,true,0.939148,N01865
TRINITY_DN2_c0_g1_i1,201,0.552239,0.063063,-0.044444,29,1.899935,67,0.047119,true,1.0,N01784
