contig_name,length,prop_gc,gc_skew,at_skew,cpg_count,cpg_ratio,orf_length,linguistic_complexity_6,has_crb,reference_coverage,hits
TRINITY_DN0_c1_g1_i1,257,0.529183,0.073529,0.041322,33,1.844097,85,0.057617,true,0.98062,N02698
TRINITY_DN1_c0_g1_i1,261,0.551724,0.0,-0.111111,34,1.711806,86,0.058594,true,1.0,N03216
TRINITY_DN2_c0_g1_i1,228,0.530702,0.057851,-0.046729,26,1.625,76,0.052002,true,0.995614,N02684
TRINITY_DN2_c0_g1_i3,255,0.545098,0.035971,-0.103448,34,1.797264,85,0.058105,true,0.988235,N02690
TRINITY_DN2_c0_g1_i4,201,0.547264,-0.018182,-0.054945,24,1.595238,67,0.045166,true,0.995025,N02682
TRINITY_DN2_c0_g1_i5,261,0.56705,-0.027027,-0.097345,38,1.8125,87,0.059082,true,0.984674,N02693
TRINITY_DN2_c0_g1_i6,216,0.550926,-0.02521,-0.030928,28,1.70944,72,0.048584,true,0.990741,N02686
TRINITY_DN2_c0_g1_i7,206,0.548544,0.044248,-0.096774,26,1.681105,68,0.047119,true,0.990291,N02680
