contig_name,length,prop_gc,gc_skew,at_skew,cpg_count,cpg_ratio,orf_length,linguistic_complexity_6,has_crb,reference_coverage,hits
TRINITY_DN0_c0_g1_i1,492,0.506098,0.100402,0.028807,66,2.116267,115,0.107178,true,0.934263,N01588
TRINITY_DN0_c0_g1_i2,354,0.480226,0.211765,0.043478,47,2.410955,80,0.078125,true,0.948276,N01669
TRINITY_DN0_c0_g1_i4,498,0.493976,0.146341,0.007937,63,2.119149,116,0.111084,true,0.940722,N01671
TRINITY_DN0_c0_g1_i5,385,0.485714,0.13369,0.020202,52,2.331703,97,0.084961,true,0.955145,N01670
TRINITY_DN0_c0_g1_i6,493,0.505071,0.116466,0.032787,63,2.031328,115,0.10791,true,0.916335,N01588
TRINITY_DN0_c0_g1_i7,309,0.427184,0.030303,0.084746,28,1.988051,83,0.067871,true,0.940984,N01672
TRINITY_DN0_c0_g1_i8,492,0.5,0.113821,0.01626,64,2.108618,130,0.10791,false,NA,NA
TRINITY_DN0_c0_g2_i1,208,0.480769,0.14,-0.074074,23,1.951856,69,0.049316,true,0.537468,N02348
TRINITY_DN0_c0_g3_i1,318,0.465409,0.013514,0.023529,42,2.439452,81,0.07251,true,0.925,N01673
