contig_name,length,prop_gc,gc_skew,at_skew,cpg_count,cpg_ratio,orf_length,linguistic_complexity_6,has_crb,reference_coverage,hits
TRINITY_DN0_c0_g1_i1,1213,0.405606,0.052846,-0.04577,97,1.949741,85,0.237793,true,0.988596,N02985
TRINITY_DN0_c0_g1_i2,1201,0.401332,0.041494,-0.059805,93,1.926372,85,0.233154,false,NA,NA
TRINITY_DN0_c0_g1_i3,1247,0.408982,0.031373,-0.031208,99,1.900417,99,0.244141,false,NA,NA
TRINITY_DN0_c0_g1_i7,1180,0.402542,0.044211,-0.055319,92,1.928379,85,0.232178,true,0.987719,N02985
TRINITY_DN0_c0_g2_i1,1252,0.396166,-0.028226,0.002646,96,1.955773,92,0.246826,true,0.722994,N01540
TRINITY_DN0_c0_g2_i2,320,0.534375,-0.134503,0.033557,35,1.560323,94,0.073486,true,0.946809,N01557
TRINITY_DN0_c0_g2_i3,314,0.544586,-0.099415,0.034965,38,1.648522,92,0.072998,true,1.0,N01556
TRINITY_DN1_c0_g1_i1,288,0.559028,-0.204969,0.055118,38,1.762887,95,0.064209,true,1.0,N01558
TRINITY_DN1_c0_g2_i1,279,0.530466,-0.175676,-0.007634,39,2.050311,92,0.064453,true,1.0,N03003
