contig_name,length,prop_gc,gc_skew,at_skew,cpg_count,cpg_ratio,orf_length,linguistic_complexity_6,has_crb,reference_coverage,hits
TRINITY_DN0_c1_g1_i1,261,0.551724,0.0,-0.111111,34,1.711806,86,0.058594,true,1.0,N03216
TRINITY_DN1_c0_g1_i1,258,0.51938,0.044776,0.032258,32,1.842857,86,0.057129,true,0.992248,N02698
TRINITY_DN1_c0_g1_i2,236,0.563559,-0.022556,0.009709,32,1.708597,78,0.053955,true,0.906977,N02695
TRINITY_DN1_c1_g1_i1,201,0.552239,-0.027027,-0.066667,23,1.501949,67,0.044922,true,0.985075,N02682
TRINITY_DN1_c1_g1_i2,206,0.553398,0.035088,-0.108696,25,1.587057,68,0.046875,true,0.990291,N02680
TRINITY_DN1_c1_g1_i3,216,0.555556,-0.033333,-0.041667,27,1.621802,72,0.048584,true,0.99537,N02687
TRINITY_DN1_c1_g1_i4,228,0.535088,0.04918,-0.056604,25,1.53556,76,0.051758,true,0.991228,N02685
TRINITY_DN1_c1_g1_i5,261,0.551724,-0.027778,-0.111111,36,1.8139,87,0.05957,true,0.950192,N02693
