contig_name,length,prop_gc,gc_skew,at_skew,cpg_count,cpg_ratio,orf_length,linguistic_complexity_6,has_crb,reference_coverage,hits
TRINITY_DN1_c0_g1_i1,320,0.5375,-0.186047,0.027027,31,1.389356,94,0.07251,false,NA,NA
TRINITY_DN1_c0_g1_i2,320,0.540625,-0.156069,0.034014,33,1.446575,94,0.072998,true,0.933333,N01555
TRINITY_DN1_c0_g1_i3,281,0.537367,-0.245033,0.153846,28,1.468458,93,0.062256,true,0.971631,N01557
TRINITY_DN1_c0_g2_i1,1211,0.415359,0.057654,-0.008475,98,1.882523,120,0.239502,true,0.964035,N02985
TRINITY_DN1_c0_g2_i2,1231,0.414297,0.054902,-0.015257,99,1.879853,120,0.242432,false,NA,NA
TRINITY_DN1_c0_g2_i3,1217,0.414955,0.029703,-0.011236,98,1.872308,120,0.241455,false,NA,NA
TRINITY_DN2_c0_g1_i1,1188,0.390572,-0.017241,0.016575,86,1.898751,82,0.23291,true,0.68287,N01540
