contig_name,length,prop_gc,gc_skew,at_skew,cpg_count,cpg_ratio,orf_length,linguistic_complexity_6,has_crb,reference_coverage,hits
TRINITY_DN0_c0_g1_i1,201,0.552239,-0.027027,-0.044444,24,1.567251,67,0.045166,true,0.99005,N02682
TRINITY_DN0_c0_g1_i2,258,0.550388,0.028169,-0.034483,34,1.741513,86,0.058105,true,0.996124,N02695
TRINITY_DN0_c0_g1_i3,216,0.550926,-0.042017,-0.030928,27,1.650255,72,0.04834,true,1.0,N02687
TRINITY_DN0_c0_g1_i4,206,0.553398,0.035088,-0.086957,26,1.650539,68,0.047119,true,0.995146,N02680
TRINITY_DN1_c0_g1_i1,258,0.55814,0.0,-0.105263,34,1.69213,85,0.05835,true,0.988506,N03216
