contig_name,length,prop_gc,gc_skew,at_skew,cpg_count,cpg_ratio,orf_length,linguistic_complexity_6,has_crb,reference_coverage,hits
TRINITY_DN0_c0_g1_i1,385,0.485714,0.13369,0.010101,53,2.376543,97,0.084717,true,0.94723,N01670
TRINITY_DN0_c0_g1_i2,391,0.44757,0.131429,0.064815,44,2.28655,117,0.086914,true,0.950904,N02348
TRINITY_DN0_c0_g1_i3,492,0.506098,0.100402,0.028807,66,2.116267,115,0.107178,true,0.934263,N01588
TRINITY_DN0_c0_g1_i4,354,0.483051,0.204678,0.038251,48,2.426042,80,0.078125,true,0.948276,N01669
TRINITY_DN0_c0_g1_i5,385,0.472727,0.120879,0.024631,51,2.40625,108,0.085205,false,NA,NA
TRINITY_DN0_c0_g1_i6,354,0.49435,0.188571,0.027933,49,2.349133,89,0.077393,false,NA,NA
TRINITY_DN0_c0_g1_i7,492,0.49187,0.123967,0.024,63,2.150111,115,0.108398,true,0.850598,N01588
TRINITY_DN0_c0_g2_i1,318,0.465409,0.013514,0.023529,42,2.439452,81,0.07251,true,0.925,N01673
TRINITY_DN2_c0_g1_i1,387,0.485788,-0.170213,0.045226,52,2.345455,81,0.088379,true,0.96134,N01671
