contig_name,length,prop_gc,gc_skew,at_skew,cpg_count,cpg_ratio,orf_length,linguistic_complexity_6,has_crb,reference_coverage,hits
TRINITY_DN0_c0_g1_i1,263,0.498099,-0.038168,0.106061,28,1.718954,87,0.060791,true,0.984848,N02727
TRINITY_DN0_c0_g1_i2,423,0.423168,-0.005587,0.196721,35,1.848315,90,0.075439,false,NA,NA
TRINITY_DN0_c0_g2_i1,682,0.454545,0.012903,0.069892,60,1.703509,108,0.143555,true,0.985549,N01922
TRINITY_DN0_c0_g2_i2,340,0.488235,0.048193,-0.08046,34,1.681944,113,0.076904,true,0.98227,N03043
TRINITY_DN0_c1_g1_i1,373,0.428954,-0.1375,0.023474,22,1.306896,104,0.068848,true,0.083379,N02513
TRINITY_DN1_c0_g1_i1,789,0.495564,0.053708,0.201005,81,1.676961,73,0.168701,true,0.963145,N01015
