contig_name,length,prop_gc,gc_skew,at_skew,cpg_count,cpg_ratio,orf_length,linguistic_complexity_6,has_crb,reference_coverage,hits
TRINITY_DN0_c0_g1_i1,201,0.552239,0.063063,-0.044444,29,1.899935,67,0.047119,true,1.0,N01784
TRINITY_DN3_c0_g1_i1,218,0.504587,0.072727,0.037037,20,1.448986,72,0.050049,true,0.995434,N01791
TRINITY_DN1_c0_g1_i1,468,0.472222,0.18552,-0.012146,55,2.183206,64,0.10498,true,0.762906,N00996
TRINITY_DN1_c0_g1_i2,558,0.458781,0.234375,0.013245,58,2.090158,64,0.108154,true,0.988528,N00978
TRINITY_DN1_c0_g1_i3,603,0.451078,0.25,0.021148,60,2.086505,64,0.111084,true,0.929254,N00996
TRINITY_DN2_c0_g1_i1,426,0.43662,-0.021505,0.033333,36,1.773973,73,0.09375,true,0.809331,N01865
