contig_name,length,prop_gc,gc_skew,at_skew,cpg_count,cpg_ratio,orf_length,linguistic_complexity_6,has_crb,reference_coverage,hits
TRINITY_DN0_c0_g1_i1,201,0.557214,0.053571,-0.033708,30,1.928366,67,0.047119,true,1.0,N01785
TRINITY_DN3_c0_g1_i1,424,0.438679,-0.021505,0.016807,36,1.765645,74,0.093994,true,0.813387,N01865
TRINITY_DN1_c0_g1_i2,485,0.476289,-0.238095,-0.03937,53,2.042673,64,0.091553,true,0.910134,N00996
TRINITY_DN1_c0_g1_i3,528,0.465909,-0.243902,-0.042553,57,2.115117,64,0.104004,true,0.956023,N00996
TRINITY_DN2_c0_g1_i1,218,0.504587,0.072727,0.037037,20,1.448986,72,0.050049,true,0.995434,N01791
