contig_name,length,prop_gc,gc_skew,at_skew,cpg_count,cpg_ratio,orf_length,linguistic_complexity_6,has_crb,reference_coverage,hits
TRINITY_DN0_c0_g1_i1,206,0.558252,0.043478,-0.098901,26,1.62303,68,0.047119,true,1.0,N02680
TRINITY_DN0_c0_g1_i2,255,0.552941,0.021277,-0.122807,36,1.847826,85,0.057129,true,0.996063,N02692
TRINITY_DN0_c0_g1_i3,228,0.539474,0.056911,-0.047619,26,1.572414,76,0.052002,true,1.0,N02685
TRINITY_DN0_c0_g1_i4,201,0.557214,-0.017857,-0.05618,24,1.538756,67,0.045166,true,0.995025,N02682
TRINITY_DN1_c0_g1_i1,258,0.51938,0.044776,0.032258,32,1.842857,86,0.057129,true,0.992248,N02698
TRINITY_DN2_c0_g1_i1,260,0.553846,0.0,0.103448,34,1.705247,85,0.058594,true,0.996169,N03216
